alpha,method,setting_id,window_length,polyorder,n_anchors,bandwidth_multiplier,bandwidth,kernel_type,kernel_degree,mean_rmse,variance_cluster_rmse,mean_relative_rmse,variance_cluster_relative_rmse,mean_denoising_gain,variance_cluster_denoising_gain,mean_rmse_x,variance_cluster_rmse_x,mean_rmse_y,variance_cluster_rmse_y,mean_rmse_z,variance_cluster_rmse_z,n_realizations,n_clusters,eligible_for_ranking
0.02,kernel_smoothing,kernel|type=compact_polynomial|M=128|ch=1|degree=2,,,128,1.0,16.118110236220474,compact_polynomial,2,1.5556180243477422,0.005019351959389225,0.0969046270640101,2.5481124880919637e-05,-4.31798859056127,0.1056330305067184,0.9070369058034983,0.001748780377556241,1.5861694479947108,0.0191766620254258,1.9774248120180373,0.007862444053190702,10,5,True
0.02,kernel_smoothing,kernel|type=compact_polynomial|M=128|ch=1|degree=3,,,128,1.0,16.118110236220474,compact_polynomial,3,2.0961207362470953,0.007601036691641237,0.13056898317567409,3.865506616133581e-05,-6.165217376925589,0.1651897573173295,1.3046238242315562,0.003052239162075554,2.012938628347599,0.023613786214262137,2.723086435598728,0.011138836019543017,10,5,True
0.02,kernel_smoothing,kernel|type=compact_polynomial|M=128|ch=1|degree=4,,,128,1.0,16.118110236220474,compact_polynomial,4,3.2797101602736562,0.0036033871442255326,0.20426831856652275,2.2912805884104417e-05,-10.207553751179358,0.13497003727083196,1.87348726208856,0.0024466069447858846,2.5594769997720874,0.02125213095947299,4.711088814783415,0.004938102187980318,10,5,True
0.02,kernel_smoothing,kernel|type=compact_polynomial|M=128|ch=2|degree=2,,,128,2.0,32.23622047244095,compact_polynomial,2,1.3257141377714379,0.002512048002843336,0.08258159259396244,1.392845227797418e-05,-3.5317025312826757,0.06074484620989419,0.6426788294259647,0.002112502684524214,1.4673722907844886,0.0006666994227654959,1.6420515761348426,0.017260635631136584,10,5,True
0.02,kernel_smoothing,kernel|type=compact_polynomial|M=128|ch=2|degree=3,,,128,2.0,32.23622047244095,compact_polynomial,3,0.9662538296037351,0.008346800438741342,0.06021170517513188,3.8053935864806417e-05,-2.3051387587581638,0.13254200118943388,0.4733199240957431,0.002390035409263457,1.173334316705335,0.023784556234242714,1.0937856446828609,0.003649479512094455,10,5,True
0.02,kernel_smoothing,kernel|type=compact_polynomial|M=128|ch=2|degree=4,,,128,2.0,32.23622047244095,compact_polynomial,4,0.993565622820211,0.004197406711058958,0.061902661343917656,2.044096685152122e-05,-2.3974738269530027,0.07645148646049159,0.4974385538973002,0.0007437632896866803,1.164476137865865,0.015661636863589522,1.1632973820597106,0.0021956771800596955,10,5,True
0.02,kernel_smoothing,kernel|type=compact_polynomial|M=128|ch=4|degree=2,,,128,4.0,64.4724409448819,compact_polynomial,2,1.3412033412825302,0.00598349133217394,0.08349767739103876,1.7153979493087123e-05,-3.579718157790753,0.045595633867292214,0.8100769760449211,0.02277567629289672,1.5373325810881955,0.01343318234766908,1.5347195166355405,0.0086152826870586,10,5,True
0.02,kernel_smoothing,kernel|type=compact_polynomial|M=128|ch=4|degree=3,,,128,4.0,64.4724409448819,compact_polynomial,3,1.277740203266008,0.018155736813327824,0.07959314168937612,7.351709101041529e-05,-3.369110266055754,0.25119358551909227,0.6497773238445604,0.0007080646267299031,1.4061307864453325,0.011204848348376555,1.5735781978233883,0.07042592704828493,10,5,True
0.02,kernel_smoothing,kernel|type=compact_polynomial|M=128|ch=4|degree=4,,,128,4.0,64.4724409448819,compact_polynomial,4,1.1461260894296355,0.0021842893235114974,0.07139834317660357,1.2194591626594756e-05,-2.918078710077339,0.05119678290182633,0.5900621450013364,0.004241843540656246,1.350806517844714,0.011303801055603193,1.3263497983822599,0.0019566219552777505,10,5,True
0.02,kernel_smoothing,kernel|type=compact_polynomial|M=32|ch=1|degree=2,,,32,1.0,66.03225806451613,compact_polynomial,2,6.3639687362733435,0.2402554990735828,0.3965075283279844,0.0011037649249618134,-20.764878318978944,4.053008972553215,4.521953412910101,0.08076684697117523,6.03673892172253,0.09649596591744504,8.033989731308514,0.6247833689846187,10,5,True
0.02,kernel_smoothing,kernel|type=compact_polynomial|M=32|ch=1|degree=3,,,32,1.0,66.03225806451613,compact_polynomial,3,6.399508611830045,0.10921134508128437,0.3986870219195933,0.0005688994086178431,-20.880290288873557,2.2617646846287975,4.609558579998913,0.0406150188499891,6.117590236528089,0.06425001021087652,8.009431682528444,0.26926267662466663,10,5,True
0.02,kernel_smoothing,kernel|type=compact_polynomial|M=32|ch=1|degree=4,,,32,1.0,66.03225806451613,compact_polynomial,4,6.7059843865376845,0.042365500755792755,0.4177320820118142,0.00027495146983674184,-21.92064809273504,1.1750567610277387,4.725336834904974,0.03214079891946901,6.204250926401327,0.04784243789873074,8.60440435818536,0.11382283631571642,10,5,True
0.02,kernel_smoothing,kernel|type=compact_polynomial|M=32|ch=2|degree=2,,,32,2.0,132.06451612903226,compact_polynomial,2,6.395812875798301,0.11900595349989603,0.3984464676915006,0.0005924212738657504,-20.86753678321947,2.3398115804475466,4.554796017834006,0.08857717392779524,6.043163288230201,0.07855829937455908,8.087288081453249,0.25119391368256117,10,5,True
0.02,kernel_smoothing,kernel|type=compact_polynomial|M=32|ch=2|degree=3,,,32,2.0,132.06451612903226,compact_polynomial,3,6.369402898271747,0.1767459824472747,0.3968421304230078,0.000857775309960329,-20.781276538383754,3.2296962705904106,4.501092413908392,0.15257944490848535,6.007787731544731,0.1311404112778819,8.083152614054681,0.26798973219425426,10,5,True
0.02,kernel_smoothing,kernel|type=compact_polynomial|M=32|ch=2|degree=4,,,32,2.0,132.06451612903226,compact_polynomial,4,6.353724952179802,0.18140201167953487,0.3958603483913369,0.000868660648421506,-20.727717708932943,3.2711038044009513,4.500975168199039,0.1249321582452239,6.007439053499459,0.12780605475492426,8.046288632348887,0.31471794930328656,10,5,True
0.02,kernel_smoothing,kernel|type=compact_polynomial|M=32|ch=4|degree=2,,,32,4.0,264.1290322580645,compact_polynomial,2,6.3339373116676505,0.13451106381821648,0.3945999465837263,0.0006571625622077682,-20.656631296912057,2.528160883408667,4.464615193774131,0.1629359697424355,6.009575972081225,0.1074108962563758,8.015840269749797,0.20168405118041674,10,5,True
0.02,kernel_smoothing,kernel|type=compact_polynomial|M=32|ch=4|degree=3,,,32,4.0,264.1290322580645,compact_polynomial,3,6.3487316650117425,0.15832289748921638,0.3955467125524979,0.0007805893473317986,-20.709572784207747,2.973099088807543,4.46733877491464,0.12838591860107082,5.9597153061929475,0.10507043422201946,8.088078691939332,0.2750649327873679,10,5,True
0.02,kernel_smoothing,kernel|type=compact_polynomial|M=32|ch=4|degree=4,,,32,4.0,264.1290322580645,compact_polynomial,4,6.348757819200999,0.10959956262351557,0.39552538691121386,0.0005657810608857045,-20.70694968200048,2.246981373703024,4.511525263350096,0.10381582119654961,5.99256909271575,0.08257279589485589,8.036550218511941,0.22902706105028622,10,5,True
0.02,kernel_smoothing,kernel|type=compact_polynomial|M=64|ch=1|degree=2,,,64,1.0,32.492063492063494,compact_polynomial,2,3.865538585270565,0.036947851835021944,0.24078719998314688,0.0001736659290720036,-12.213572699843557,0.6820738135796647,2.2889367106132616,0.08235465725918775,3.8999405852929323,0.09672047225550064,4.9241138603005785,0.09614406893196631,10,5,True
0.02,kernel_smoothing,kernel|type=compact_polynomial|M=64|ch=1|degree=3,,,64,1.0,32.492063492063494,compact_polynomial,3,4.075424665675854,0.07254488750604994,0.2538677182695691,0.00031787557408129044,-12.932398096181595,1.1617237284650659,2.4620065018062314,0.14645200918854512,4.067749509974026,0.1567045088543146,5.194419102103548,0.21098653666515232,10,5,True
0.02,kernel_smoothing,kernel|type=compact_polynomial|M=64|ch=1|degree=4,,,64,1.0,32.492063492063494,compact_polynomial,4,4.679584273371434,0.08171645294027531,0.2914831626255497,0.0003515998886922775,-14.995679090805302,1.2908428064284614,2.743238488847749,0.16852598151576345,4.275488460123766,0.19511274618722044,6.292234894957435,0.2541955807697527,10,5,True
0.02,kernel_smoothing,kernel|type=compact_polynomial|M=64|ch=2|degree=2,,,64,2.0,64.98412698412699,compact_polynomial,2,4.378738178345749,0.03476650544352941,0.2727551743680311,0.00017484985701736176,-13.967605304631823,0.7278258092868024,2.6835727205534496,0.040803451963681146,3.8836715836290665,0.06002144531379594,5.909692881790667,0.39235790295430273,10,5,True
0.02,kernel_smoothing,kernel|type=compact_polynomial|M=64|ch=2|degree=3,,,64,2.0,64.98412698412699,compact_polynomial,3,3.279062827709833,0.01917135373727184,0.20423659892777649,8.681969883353944e-05,-10.207378850329402,0.3669007649909335,2.2179840407237843,0.07837623122343113,3.6148727659740616,0.10847250399182391,3.7610609401839064,0.026192016904705025,10,5,True
0.02,kernel_smoothing,kernel|type=compact_polynomial|M=64|ch=2|degree=4,,,64,2.0,64.98412698412699,compact_polynomial,4,3.2811410697938053,0.019988615362640016,0.2043576938418334,8.561754928874936e-05,-10.213320625488564,0.3436485070787353,2.1509194642307516,0.07439814577927187,3.6310861284681004,0.08549145230442466,3.7902507208685443,0.05059950475356237,10,5,True
0.02,kernel_smoothing,kernel|type=compact_polynomial|M=64|ch=4|degree=2,,,64,4.0,129.96825396825398,compact_polynomial,2,3.7039566705573526,0.021062824017114623,0.2306906907436786,9.200374310596831e-05,-11.658550464238377,0.3985547205167824,2.582202902576254,0.005245415085944124,3.783501553933424,0.1350918897034571,4.481786527333419,0.03387457813165678,10,5,True
0.02,kernel_smoothing,kernel|type=compact_polynomial|M=64|ch=4|degree=3,,,64,4.0,129.96825396825398,compact_polynomial,3,3.96644240738492,0.12773117183478175,0.24714015917391768,0.0005672187367627002,-12.566714902380733,2.008810231557906,2.4581699573147873,0.046310144285800964,3.763886008384321,0.07645002217783535,5.1927793472278445,0.2899350197277713,10,5,True
0.02,kernel_smoothing,kernel|type=compact_polynomial|M=64|ch=4|degree=4,,,64,4.0,129.96825396825398,compact_polynomial,4,3.5011689456697654,0.016431912676809976,0.21803638817627044,6.0710786912325374e-05,-10.962470967243382,0.24479951478116835,2.4323872079463382,0.04133227352544981,3.7959589755386105,0.020334041584137243,4.052517527999827,0.019931374121169056,10,5,True
0.02,kernel_smoothing,kernel|type=gaussian|M=128|ch=1,,,128,1.0,16.118110236220474,gaussian,,0.9573405788859842,0.006174783622554003,0.059651154713124224,2.8653301755211098e-05,-2.2741809773441113,0.10220525877509033,0.4726818364849309,0.0012653331818100952,1.15485285070401,0.022613294658629334,1.0893935175032232,0.0016597389734937813,10,5,True
0.02,kernel_smoothing,kernel|type=gaussian|M=128|ch=2,,,128,2.0,32.23622047244095,gaussian,,0.9615882309354233,0.0077028130894748114,0.059920812714527295,3.5327459695804543e-05,-2.2892734618204575,0.12445847838391866,0.48089056409811903,0.0038009427539302727,1.1631748570491605,0.02314716817335979,1.088449711397965,0.0024118426676067325,10,5,True
0.02,kernel_smoothing,kernel|type=gaussian|M=128|ch=4,,,128,4.0,64.4724409448819,gaussian,,2.184182475765872,0.03537483267750793,0.13609231131351932,0.00015952571834683334,-6.470547936565126,0.5688912883309707,1.3605005427539232,0.0169769829060124,2.560007418309919,0.040138702557146126,2.429653824505047,0.05418409979362034,10,5,True
0.02,kernel_smoothing,kernel|type=gaussian|M=32|ch=1,,,32,1.0,66.03225806451613,gaussian,,6.363695171208363,0.18892611855581615,0.3964902020554354,0.0009079550877082294,-20.762395012280802,3.399986858122082,4.505713721678186,0.1406693485871396,6.008407900666373,0.12829262361458912,8.066692901063254,0.3176822495648684,10,5,True
0.02,kernel_smoothing,kernel|type=gaussian|M=32|ch=2,,,32,2.0,132.06451612903226,gaussian,,6.375893540680613,0.1870108235298786,0.39724503040672915,0.0008932842925172567,-20.803770922447317,3.347873619424318,4.586767693565871,0.16226886540680469,6.073739332729339,0.23238277374252522,7.999128022915,0.21795438346439067,10,5,True
0.02,kernel_smoothing,kernel|type=gaussian|M=32|ch=4,,,32,4.0,264.1290322580645,gaussian,,6.6465709329039955,0.1940598241028047,0.4140948087931635,0.0009209840408410133,-21.72825708426019,3.469651067336245,5.007170049466639,0.22741547823355565,6.463904322303955,0.25406310180683994,8.101245175599548,0.1591044774082943,10,5,True
0.02,kernel_smoothing,kernel|type=gaussian|M=64|ch=1,,,64,1.0,32.492063492063494,gaussian,,3.258127981694629,0.018350757378220835,0.2029280914265502,8.105902866578402e-05,-10.135228422629158,0.33841866584453617,2.1616474564052366,0.09051672879921772,3.6182622503014614,0.10569338595098139,3.7325181515149533,0.04629294590570089,10,5,True
0.02,kernel_smoothing,kernel|type=gaussian|M=64|ch=2,,,64,2.0,64.98412698412699,gaussian,,3.291112117296206,0.0014974003137039785,0.20497648575361618,1.4044430797143927e-05,-10.24580652540027,0.0933992131287435,2.229075582351214,0.0348303707384604,3.6909867861670684,0.12873506365704207,3.696758832240099,0.1360137804336999,10,5,True
0.02,kernel_smoothing,kernel|type=gaussian|M=64|ch=4,,,64,4.0,129.96825396825398,gaussian,,5.552744613923697,0.09025110584105925,0.34592795262268594,0.00045141206867424445,-17.984836071674728,1.760275745795422,3.527540483453584,0.03026273176332127,5.034203492685966,0.028830571818254595,7.384820079772579,0.4324091320458787,10,5,True
0.02,savitzky_golay,savgol|w=11|p=2,11,2,,,,,,0.1324840354863351,1.0907385695779838e-05,0.008250114583757403,2.985314244826516e-08,0.5474160987719409,0.00010381358796582183,0.058480326011264204,4.467416412987065e-06,0.06569119943354249,1.7964194119563983e-06,0.2119171609968878,3.343214468103754e-05,10,5,True
0.02,savitzky_golay,savgol|w=11|p=3,11,3,,,,,,0.13249960070353542,1.1090534560819889e-05,0.008250989886977018,2.865374924717466e-08,0.547375457262821,9.228410215711873e-05,0.05848255775650683,4.3638359504143234e-06,0.06525251532376286,2.5536463472022995e-06,0.21207894593077348,3.41070449404317e-05,10,5,True
0.02,savitzky_golay,savgol|w=11|p=5,11,5,,,,,,0.16875526186094209,1.0411401671896183e-05,0.010508613540238984,1.528331879293933e-08,0.42356050610677176,3.246166444248286e-05,0.07427598038352094,7.222789539686058e-06,0.07982657828425987,4.738191309134656e-06,0.27117443084075354,2.717865151465042e-05,10,5,True
0.02,savitzky_golay,savgol|w=21|p=2,21,2,,,,,,0.1748553722710766,0.00019092976864189268,0.010891258116783953,7.815729669956043e-07,0.40223290274542,0.0027730132086551717,0.07623015084143117,2.4552065647869846e-05,0.18106870335902786,0.0001884033156526519,0.230304044556505,0.00043064487697161,10,5,True
0.02,savitzky_golay,savgol|w=21|p=3,21,3,,,,,,0.16845208676805073,6.272066768605703e-05,0.010493321721194661,3.11127104437635e-07,0.42413593312868203,0.0012505344459095408,0.07407802002709325,7.002569723813628e-06,0.1725347481294084,5.806436483417082e-05,0.22320890962989104,0.00014692336916501163,10,5,True
0.02,savitzky_golay,savgol|w=21|p=5,21,5,,,,,,0.12001158795576003,7.735895592890321e-06,0.00747346482806815,2.065305312215246e-08,0.5900217804361947,6.824044705917387e-05,0.05287212767733762,3.6690982197354463e-06,0.05996579173067821,3.0587138792975615e-06,0.19183339966727359,2.3536119083616286e-05,10,5,True
0.02,savitzky_golay,savgol|w=41|p=2,41,2,,,,,,0.977887319751714,0.004385047786270733,0.060916635423253526,1.9376785628975194e-05,-2.3434841292009323,0.073038107759119,0.5143810832577576,0.001453260000813422,1.13642994000084,0.005720549246310599,1.1453291415656615,0.007160443437531523,10,5,True
0.02,savitzky_golay,savgol|w=41|p=3,41,3,,,,,,0.9492509700524903,0.0031220418949992504,0.059136223271025024,1.4928432926391937e-05,-2.2456029677209,0.05771468935918834,0.49127526716189945,0.000882170143124926,1.105984441305964,0.0040371673249188,1.1129343607880204,0.004504822819659793,10,5,True
0.02,savitzky_golay,savgol|w=41|p=5,41,5,,,,,,0.2717748073493323,0.00011197080479577798,0.0169295090382115,6.088647389424092e-07,0.07097068761788589,0.002596425570291943,0.11028554957517356,1.6002468132076337e-05,0.3142554421557531,0.00013548203526616691,0.332556926803368,0.00024344864279085562,10,5,True
0.02,savitzky_golay,savgol|w=7|p=2,7,2,,,,,,0.16853744405671162,9.523783020045908e-06,0.010495121024246327,1.3778101648873062e-08,0.42429779993993366,3.3929799968367895e-05,0.0741040888167188,7.720349693427205e-06,0.07982651210009097,3.825655757922384e-06,0.2708152570782031,2.491395838610445e-05,10,5,True
0.02,savitzky_golay,savgol|w=7|p=3,7,3,,,,,,0.16866627552822605,9.56697854161483e-06,0.010503144968252224,1.3918691266410935e-08,0.42385796829575445,3.3677396331001915e-05,0.07419723492858865,7.403390346757555e-06,0.07987469268163629,4.14157227514633e-06,0.271015762503181,2.519905797688708e-05,10,5,True
0.02,savitzky_golay,savgol|w=7|p=5,7,5,,,,,,0.2211345331080487,1.0544072787224249e-05,0.013770777422101541,1.294256033390542e-08,0.24462471616189668,2.1256752895618877e-05,0.0971640383948845,1.2934005277581178e-05,0.10417937549710243,4.872112439798131e-06,0.35552269374395407,2.3561854845985198e-05,10,5,True
0.05,kernel_smoothing,kernel|type=compact_polynomial|M=128|ch=1|degree=2,,,128,1.0,16.118110236220474,compact_polynomial,2,1.564139158865563,0.005014843833818319,0.09743531938574918,2.550245656577855e-05,-1.1388410398219395,0.016938449326214654,0.9101558691423411,0.0017376182344059773,1.5881696458828527,0.019110531687502222,1.9945079909464343,0.007773442214377864,10,5,True
0.05,kernel_smoothing,kernel|type=compact_polynomial|M=128|ch=1|degree=3,,,128,1.0,16.118110236220474,compact_polynomial,3,2.1024107594565757,0.007600577308066486,0.13096074810949918,3.869472842832469e-05,-1.8746844481676685,0.026477572163684987,1.306779713578329,0.0030366668418527246,2.014510689029864,0.023560029638118367,2.7354255705528154,0.011094795858991693,10,5,True
0.05,kernel_smoothing,kernel|type=compact_polynomial|M=128|ch=1|degree=4,,,128,1.0,16.118110236220474,compact_polynomial,4,3.283714096360959,0.003611575010938675,0.20451773134896833,2.2985668538901174e-05,-3.488496099054887,0.021658206706190807,1.8749763653855545,0.0024390268165697224,2.56071047486846,0.02121870231744357,4.718194957961681,0.004922351342622646,10,5,True
0.05,kernel_smoothing,kernel|type=compact_polynomial|M=128|ch=2|degree=2,,,128,2.0,32.23622047244095,compact_polynomial,2,1.335777646801886,0.002494717933370675,0.08320834471679864,1.3895794278834573e-05,-0.8264326472784342,0.009726907958241193,0.6470735110838041,0.002115566828637107,1.4694620028018706,0.0006681374257807394,1.6628233362049627,0.017073979148039917,10,5,True
0.05,kernel_smoothing,kernel|type=compact_polynomial|M=128|ch=2|degree=3,,,128,2.0,32.23622047244095,compact_polynomial,3,0.9801508224021855,0.00821914340212462,0.06107690199941157,3.759076410550753e-05,-0.3410357281615209,0.021007787603678187,0.4793036921117748,0.002303498962362722,1.17610959682109,0.023663646821390848,1.1247711551794533,0.003692705367547625,10,5,True
0.05,kernel_smoothing,kernel|type=compact_polynomial|M=128|ch=2|degree=4,,,128,2.0,32.23622047244095,compact_polynomial,4,1.0069910053640136,0.004154855464223104,0.06273862107365212,2.030761836453911e-05,-0.37733111308920975,0.012192455922618972,0.5031054719537316,0.0007219884772755091,1.1672440558729105,0.015576354776923998,1.192358920876283,0.002152985482270143,10,5,True
0.05,kernel_smoothing,kernel|type=compact_polynomial|M=128|ch=4|degree=2,,,128,4.0,64.4724409448819,compact_polynomial,2,1.3512713938629337,0.005933097416719912,0.08412494190585548,1.6968403739957093e-05,-0.8456564765352006,0.007222297319522206,0.8136358110191028,0.022610405293181198,1.5393791889207182,0.013430112729590802,1.5571430076012338,0.00852532917669926,10,5,True
0.05,kernel_smoothing,kernel|type=compact_polynomial|M=128|ch=4|degree=3,,,128,4.0,64.4724409448819,compact_polynomial,3,1.2881387457423057,0.017993543617540655,0.08024079251205747,7.293601216834625e-05,-0.7618537076805387,0.039944140855831325,0.654069909157198,0.0006920310680932152,1.4084067894919,0.0111481124868004,1.595228798338218,0.06930232942844863,10,5,True
0.05,kernel_smoothing,kernel|type=compact_polynomial|M=128|ch=4|degree=4,,,128,4.0,64.4724409448819,compact_polynomial,4,1.157910732706892,0.0021593971111745535,0.07213213269057962,1.2112965635472721e-05,-0.5833299820021798,0.00816820488515806,0.5948792007326793,0.004150332934471114,1.3531385150537467,0.011237384564671597,1.3523485804636153,0.0017836215329414375,10,5,True
0.05,kernel_smoothing,kernel|type=compact_polynomial|M=32|ch=1|degree=2,,,32,1.0,66.03225806451613,compact_polynomial,2,6.364456104078314,0.24029184566088435,0.3965378998223082,0.0011039378835305568,-7.706617939829838,0.6485796640785998,4.522096647759784,0.08076816346951703,6.03686302770897,0.09648661773867276,8.034973233585829,0.6249161335194515,10,5,True
0.05,kernel_smoothing,kernel|type=compact_polynomial|M=32|ch=1|degree=3,,,32,1.0,66.03225806451613,compact_polynomial,3,6.3999966435119315,0.10924539677045306,0.39871744262388853,0.0005690692211442296,-7.752783973272346,0.3619801010818659,4.6097015477563925,0.04061792240360141,6.117714174398758,0.06424558284937594,8.010422975235098,0.2693973874353023,10,5,True
0.05,kernel_smoothing,kernel|type=compact_polynomial|M=32|ch=1|degree=4,,,32,1.0,66.03225806451613,compact_polynomial,4,6.70645109060315,0.042384336499486926,0.417761180082404,0.0002750666095353453,-8.16889819078915,0.18808130535792872,4.72547877667232,0.03214256431466104,6.204374583774384,0.04784010019184661,8.605327319684596,0.11390377885600692,10,5,True
0.05,kernel_smoothing,kernel|type=compact_polynomial|M=32|ch=2|degree=2,,,32,2.0,132.06451612903226,compact_polynomial,2,6.396314784740513,0.11903876360416255,0.398477737800436,0.0005925700911732119,-7.747701090066263,0.3744572266927983,4.554945901629064,0.08857869474695894,6.043289869815742,0.07853092400312876,8.088299934805779,0.2513166632215921,10,5,True
0.05,kernel_smoothing,kernel|type=compact_polynomial|M=32|ch=2|degree=3,,,32,2.0,132.06451612903226,compact_polynomial,3,6.369884806668881,0.17678569741689681,0.39687216076945553,0.0008579598919725907,-7.713169640408611,0.5168552929418345,4.501241412290894,0.15257571607438783,6.00791549665291,0.13112474606629226,8.084114421832064,0.26811721626251145,10,5,True
0.05,kernel_smoothing,kernel|type=compact_polynomial|M=32|ch=2|degree=4,,,32,2.0,132.06451612903226,compact_polynomial,4,6.354205907106276,0.18143877829969657,0.39589031930808366,0.0008688332783082166,-7.691744820071196,0.5234744447558461,4.50112207936,0.12492951352460059,6.007565850412865,0.1277879424039488,8.047251344615555,0.3148444761122755,10,5,True
0.05,kernel_smoothing,kernel|type=compact_polynomial|M=32|ch=4|degree=2,,,32,4.0,264.1290322580645,compact_polynomial,2,6.334442797978946,0.13454319694953834,0.3946314358136259,0.0006573056214728445,-7.663343515725565,0.4045896562162623,4.464766873024919,0.16292933695710166,6.009707410211389,0.10739063906601994,8.016855856607805,0.20180015421469458,10,5,True
0.05,kernel_smoothing,kernel|type=compact_polynomial|M=32|ch=4|degree=3,,,32,4.0,264.1290322580645,compact_polynomial,3,6.349214789757442,0.1583460179041641,0.3955768114252707,0.0007807011697541653,-7.68448950956373,0.47576242496334104,4.467482469119769,0.128384771333405,5.959842251701945,0.10507440260386083,8.089042712211036,0.2751464223841233,10,5,True
0.05,kernel_smoothing,kernel|type=compact_polynomial|M=32|ch=4|degree=4,,,32,4.0,264.1290322580645,compact_polynomial,4,6.349263253753622,0.10962683312988541,0.395556880958693,0.0005659133476751017,-7.683471040594891,0.3595945516553893,4.511668446856407,0.10381917404955769,5.992702497322902,0.0825528362342918,8.03756722138002,0.229145148292497,10,5,True
0.05,kernel_smoothing,kernel|type=compact_polynomial|M=64|ch=1|degree=2,,,64,1.0,32.492063492063494,compact_polynomial,2,3.8672101056179202,0.036996524853908815,0.24089134602610165,0.00017389758070680884,-4.287714705063882,0.10926331227784483,2.2895753558764405,0.08231155936511365,3.9003541931135084,0.09669468096248048,4.927435233858557,0.09624043298972916,10,5,True
0.05,kernel_smoothing,kernel|type=compact_polynomial|M=64|ch=1|degree=3,,,64,1.0,32.492063492063494,compact_polynomial,3,4.077005719939601,0.07258845119396957,0.25396621451653456,0.0003180811797776177,-4.575120738026744,0.18599357611570583,2.4625977592262687,0.14638562863569357,4.068147415826328,0.15666497731440457,5.1975624437697645,0.2110401113136952,10,5,True
0.05,kernel_smoothing,kernel|type=compact_polynomial|M=64|ch=1|degree=4,,,64,1.0,32.492063492063494,compact_polynomial,4,4.680956758485349,0.08175703781199123,0.2915686660448993,0.0003517900212039004,-5.4001481793577275,0.20664439844466975,2.743764870389274,0.16846750800246002,4.2758695436514405,0.1950672233798077,6.294820450661744,0.25423376665605807,10,5,True
0.05,kernel_smoothing,kernel|type=compact_polynomial|M=64|ch=2|degree=2,,,64,2.0,64.98412698412699,compact_polynomial,2,4.380181934625297,0.03482448649331356,0.2728451448781059,0.00017512427237553136,-4.9890176693802575,0.11661491084235917,2.6841035497548336,0.04079123300680496,3.8840749427797476,0.06001850344886807,5.912392343702438,0.39259867203739984,10,5,True
0.05,kernel_smoothing,kernel|type=compact_polynomial|M=64|ch=2|degree=3,,,64,2.0,64.98412698412699,compact_polynomial,3,3.281001790110414,0.019192488732889444,0.20435746527559667,8.696715146044507e-05,-3.485604606066738,0.058801011776481206,2.2186624646059565,0.07832191379560566,3.615311715459608,0.10843855115004511,3.7653647210289938,0.025822225385724814,10,5,True
0.05,kernel_smoothing,kernel|type=compact_polynomial|M=64|ch=2|degree=4,,,64,2.0,64.98412698412699,compact_polynomial,4,3.2830696240678945,0.02002385187886984,0.2044779045364659,8.581408408962985e-05,-3.487966845680225,0.055101414769983995,2.15161471211155,0.07434482585159141,3.6315242193751303,0.08546920027895692,3.7944855600616783,0.05038660742809557,10,5,True
0.05,kernel_smoothing,kernel|type=compact_polynomial|M=64|ch=4|degree=2,,,64,4.0,129.96825396825398,compact_polynomial,2,3.705705907892514,0.021074375943818315,0.23079970573461064,9.209561800720692e-05,-4.065813910639598,0.06383866428538669,2.58275722915878,0.005239549392496778,3.783907510605392,0.13503407168798168,4.485494841133977,0.03359149111702371,10,5,True
0.05,kernel_smoothing,kernel|type=compact_polynomial|M=64|ch=4|degree=3,,,64,4.0,129.96825396825398,compact_polynomial,3,3.968100485633576,0.12776304161267002,0.24724344489772396,0.0005673889119132254,-4.428951828264434,0.3215122908650166,2.4587849506224764,0.04628863873831407,3.764309693130476,0.07643150860779953,5.195983946611337,0.29002415267932374,10,5,True
0.05,kernel_smoothing,kernel|type=compact_polynomial|M=64|ch=4|degree=4,,,64,4.0,129.96825396825398,compact_polynomial,4,3.502950678828276,0.016417675215296173,0.2181474479077227,6.0704945819837374e-05,-3.787427155346152,0.039192843205162274,2.432976780493171,0.04132846911608826,3.7963692008565495,0.02031897542989024,4.056410783124009,0.019763640287669682,10,5,True
0.05,kernel_smoothing,kernel|type=gaussian|M=128|ch=1,,,128,1.0,16.118110236220474,gaussian,,0.9713307116845324,0.006092522412247727,0.06052221737828155,2.836777995776007e-05,-0.3287824505129186,0.016240053937024032,0.47864123452670587,0.0012203950180787809,1.1576678583688493,0.022491847484306843,1.1204624260289482,0.0017048865595590238,10,5,True
0.05,kernel_smoothing,kernel|type=gaussian|M=128|ch=2,,,128,2.0,32.23622047244095,gaussian,,0.975601737803822,0.007593002511365404,0.06079326480690752,3.493674702784941e-05,-0.33484908994618606,0.0197520298407324,0.48680191536249096,0.0036713004148937424,1.1659764626973221,0.022980336954547122,1.1197369643992587,0.002498580375245909,10,5,True
0.05,kernel_smoothing,kernel|type=gaussian|M=128|ch=4,,,128,4.0,64.4724409448819,gaussian,,2.1878174734910907,0.03541965196903006,0.13631865050141295,0.00015972264159797242,-1.9931839900529986,0.09114386782139174,1.3605802683015449,0.01686458466881484,2.5600801854809996,0.039988627622925786,2.4392950880195,0.05475777961921388,10,5,True
0.05,kernel_smoothing,kernel|type=gaussian|M=32|ch=1,,,32,1.0,66.03225806451613,gaussian,,6.364176162587512,0.1889660678440338,0.3965201755729205,0.0009081410148208816,-7.705615805459407,0.5441024969861941,4.505860836543298,0.140666578036754,6.0085352247508075,0.12827884339292803,8.067654373349857,0.3178154616936998,10,5,True
0.05,kernel_smoothing,kernel|type=gaussian|M=32|ch=2,,,32,2.0,132.06451612903226,gaussian,,6.376396750210135,0.1870607524412865,0.3972763923289756,0.0008935137123951794,-7.722196735457122,0.5357882690444756,4.586915921724453,0.16225677070287498,6.0738748802117755,0.23235729502546443,8.000145570583118,0.21809772357083318,10,5,True
0.05,kernel_smoothing,kernel|type=gaussian|M=32|ch=4,,,32,4.0,264.1290322580645,gaussian,,6.647910351987564,0.19374052904622668,0.41417725904706115,0.0009186951349164115,-8.093107431519204,0.5539189674409043,5.00943184501382,0.22757581653596198,6.464779142405415,0.25294581282310347,8.10245034625797,0.15900740289029602,10,5,True
0.05,kernel_smoothing,kernel|type=gaussian|M=64|ch=1,,,64,1.0,32.492063492063494,gaussian,,3.2600804223018387,0.01837935779986432,0.2030497954848272,8.123315110623054e-05,-3.456762804932951,0.054255484684086336,2.16234431093198,0.09044943840135976,3.618702427015213,0.10566159884136832,3.7368587631754315,0.045925650551981195,10,5,True
0.05,kernel_smoothing,kernel|type=gaussian|M=64|ch=2,,,64,2.0,64.98412698412699,gaussian,,3.2931122969500715,0.0014927571373432207,0.20510115100493395,1.4082368671341182e-05,-3.5010592457385963,0.014987606886738189,2.2297435665172722,0.03480527963178947,3.6914225063649466,0.12868675351613096,3.7013594024761916,0.1351699479465395,10,5,True
0.05,kernel_smoothing,kernel|type=gaussian|M=64|ch=4,,,64,4.0,129.96825396825398,gaussian,,5.553897050087086,0.09042759062537703,0.34600006909594333,0.000452432552433008,-6.595520882468085,0.2822445495207937,3.5260570340148902,0.03130882857166748,5.035302145050688,0.0287769820946464,7.387362288017783,0.43225481111346814,10,5,True
0.05,savitzky_golay,savgol|w=11|p=2,11,2,,,,,,0.32963818746930734,7.145213146103843e-05,0.020526985430500168,1.7876379173702648e-07,0.5495819700012341,9.14973283749589e-05,0.14552597496634487,3.085667155919385e-05,0.15905825088222775,1.4992048320626802e-05,0.5286102461275177,0.00022084377957267917,10,5,True
0.05,savitzky_golay,savgol|w=11|p=3,11,3,,,,,,0.33001124860669545,7.223694440757855e-05,0.020550121825496835,1.768503787517019e-07,0.5490784763805256,8.640543190556296e-05,0.1457335719733631,2.831744789405194e-05,0.15902059651997733,1.6041533098647157e-05,0.5292632486364923,0.0002213618491061687,10,5,True
0.05,savitzky_golay,savgol|w=11|p=5,11,5,,,,,,0.4218913185855578,6.513131822036377e-05,0.026271727626561586,9.55376312350608e-08,0.4235562611846747,3.2490106305297555e-05,0.18568858742405944,4.5141072850473904e-05,0.19955837680363564,2.975441045321738e-05,0.6779447013584871,0.00017002637088447725,10,5,True
0.05,savitzky_golay,savgol|w=21|p=2,21,2,,,,,,0.2773424276350722,0.0001443085123773966,0.017274537471738727,6.625623939428539e-07,0.6208244243420556,0.00042648350575106935,0.12270283421841821,1.3192567456322469e-05,0.20885234656338839,0.00012791638582727022,0.4146596631968739,0.00034504747468313315,10,5,True
0.05,savitzky_golay,savgol|w=21|p=3,21,3,,,,,,0.2740859990193868,8.940137443162426e-05,0.017072188434539025,4.706606653939973e-07,0.6252807256702122,0.00031969974797532567,0.12176041027802094,1.1149154399515984e-05,0.2017399484768933,7.110230078976333e-05,0.4119271916596949,0.00025620556917177494,10,5,True
0.05,savitzky_golay,savgol|w=21|p=5,21,5,,,,,,0.2984133097584824,5.005692723160984e-05,0.018582877254841583,1.2819160262367234e-07,0.5922361255804287,6.60918375385263e-05,0.13174638347177392,2.3490693449224174e-05,0.14441731511436573,1.7339805942824367e-05,0.478370841891282,0.0001534477799797883,10,5,True
0.05,savitzky_golay,savgol|w=41|p=2,41,2,,,,,,0.9901181387155112,0.004726144101349882,0.06167911632833682,2.083452019209702e-05,-0.35414303202107805,0.012467329306373096,0.5195174818420131,0.0014693344981771763,1.1383753369331138,0.005706721261524742,1.172255263009197,0.008223993963849662,10,5,True
0.05,savitzky_golay,savgol|w=41|p=3,41,3,,,,,,0.9618467029548647,0.0035219386306546423,0.059922032725754124,1.6720721817726015e-05,-0.31551063825599673,0.010200017727249678,0.4964737502980059,0.0008461358577975659,1.1078556734683904,0.0039360557358710975,1.1407916785978016,0.005974434431000502,10,5,True
0.05,savitzky_golay,savgol|w=41|p=5,41,5,,,,,,0.33333718729534556,0.0001597591156247398,0.020764465352560095,8.894422079217629e-07,0.544214345289927,0.0005992481169325427,0.13997278934779947,5.9531152398394475e-06,0.32800222652058175,0.00012630755295532,0.4538241008340934,0.00045224742635729563,10,5,True
0.05,savitzky_golay,savgol|w=7|p=2,7,2,,,,,,0.421332598701185,6.0139562418677725e-05,0.02623708840468103,8.665860793419789e-08,0.42431406167151664,3.367238526363947e-05,0.18526892379849125,4.8023644874052606e-05,0.1994585204382339,2.4583643395256365e-05,0.6770468281568108,0.0001577266188889593,10,5,True
0.05,savitzky_golay,savgol|w=7|p=3,7,3,,,,,,0.42165860282004947,6.042563864941797e-05,0.026257390956513787,8.747726183560581e-08,0.423868843109683,3.339463529074551e-05,0.185486976549383,4.636543170683881e-05,0.1995970051322936,2.6790905450268876e-05,0.6775540036725947,0.0001592055459164228,10,5,True
0.05,savitzky_golay,savgol|w=7|p=5,7,5,,,,,,0.5528364547448581,6.590088958315222e-05,0.034426951054982204,8.088446864020152e-08,0.24462455155215562,2.125490057128893e-05,0.24291005218758369,8.083764202732078e-05,0.2604482636662896,3.0454894026929985e-05,0.8888070249168927,0.0001472617699510472,10,5,True
0.1,kernel_smoothing,kernel|type=compact_polynomial|M=128|ch=1|degree=2,,,128,1.0,16.118110236220474,compact_polynomial,2,1.5941946639634252,0.005003315394359832,0.09930716717122111,2.559629840999856e-05,-0.08995868725133836,0.004269909844370291,0.9212072760465482,0.001699850150384315,1.595291791280124,0.018878026505455753,2.0543316239290106,0.0075067736291035666,10,5,True
0.1,kernel_smoothing,kernel|type=compact_polynomial|M=128|ch=1|degree=3,,,128,1.0,16.118110236220474,compact_polynomial,3,2.124721081497239,0.007601061981507315,0.13235031505627398,3.884459157498794e-05,-0.45258965818299596,0.0066625306364045045,1.3144498722994666,0.002982308252487402,2.0201147889359405,0.023370072182698647,2.7790369274224274,0.010958327824366296,10,5,True
0.1,kernel_smoothing,kernel|type=compact_polynomial|M=128|ch=1|degree=4,,,128,1.0,16.118110236220474,compact_polynomial,4,3.2979737303656025,0.003641278628932526,0.20540599064418036,2.3247673202049586e-05,-1.2539966702664203,0.005471017733461654,1.8802848196838227,0.002412359712131095,2.5651107507341324,0.02110023271402194,4.743485484265678,0.0048712421110350505,10,5,True
0.1,kernel_smoothing,kernel|type=compact_polynomial|M=128|ch=2|degree=2,,,128,2.0,32.23622047244095,compact_polynomial,2,1.3711093266655439,0.0024449421806357055,0.0854087965469151,1.382639191605858e-05,0.062643339287361,0.0024443588062138403,0.6625282751739713,0.0021281813409309404,1.4769008943891557,0.0006736683307362117,1.734937778313959,0.01652532051910367,10,5,True
0.1,kernel_smoothing,kernel|type=compact_polynomial|M=128|ch=2|degree=3,,,128,2.0,32.23622047244095,compact_polynomial,3,1.02821743968976,0.007823266401829513,0.06406949990019176,3.617028660096364e-05,0.29665625795180145,0.005102456621836612,0.500057475274933,0.0020305918516617923,1.185964534798543,0.023242635212995594,1.2290101140984153,0.0038766168596954696,10,5,True
0.1,kernel_smoothing,kernel|type=compact_polynomial|M=128|ch=2|degree=4,,,128,2.0,32.23622047244095,compact_polynomial,4,1.053522918416479,0.004026702922642438,0.0656360726730745,1.992396414992337e-05,0.27954777790864516,0.003023735925036129,0.5228321791825821,0.0006547583951743305,1.1770735444031728,0.01527978864046584,1.290736033674791,0.0020874445857106795,10,5,True
0.1,kernel_smoothing,kernel|type=compact_polynomial|M=128|ch=4|degree=2,,,128,4.0,64.4724409448819,compact_polynomial,2,1.3866229621196546,0.005772574383831968,0.08632740449894966,1.6380768418250873e-05,0.052998617152355196,0.0017494200006072038,0.826206181810312,0.022049295983701745,1.5466661078220314,0.013419742246195156,1.6346761340301772,0.008291961075203488,10,5,True
0.1,kernel_smoothing,kernel|type=compact_polynomial|M=128|ch=4|degree=3,,,128,4.0,64.4724409448819,compact_polynomial,3,1.3245912818782533,0.017465923457323222,0.08251116929091651,7.106025672844547e-05,0.09416648172115348,0.009789580580176451,0.669171754495387,0.0006389864728289852,1.4165043489759257,0.010949233194300655,1.6701268006210288,0.06579539992225916,10,5,True
0.1,kernel_smoothing,kernel|type=compact_polynomial|M=128|ch=4|degree=4,,,128,4.0,64.4724409448819,compact_polynomial,4,1.1990430127458824,0.002086728744653867,0.07469332329003245,1.1884455020793576e-05,0.18023989962851675,0.002028868739426921,0.6117562821712819,0.0038471338761788673,1.361433013711586,0.011004740310541885,1.4413060992929079,0.00132104850547906,10,5,True
0.1,kernel_smoothing,kernel|type=compact_polynomial|M=32|ch=1|degree=2,,,32,1.0,66.03225806451613,compact_polynomial,2,6.3661963890512,0.24042170561938303,0.3966463498528559,0.0011045557896722528,-3.35449913396209,0.16223264385860822,4.522608162926577,0.08077286871103855,6.037306239943655,0.09645325685979465,8.038484711421551,0.6253905526822628,10,5,True
0.1,kernel_smoothing,kernel|type=compact_polynomial|M=32|ch=1|degree=3,,,32,1.0,66.03225806451613,compact_polynomial,3,6.401739298285217,0.10936709858502877,0.39882606831837564,0.0005696760372702282,-3.3775843736873776,0.09058234460208778,4.6102121100819184,0.04062829408993614,6.118156787022728,0.06422978999527633,8.013962250651714,0.26987891181861545,10,5,True
0.1,kernel_smoothing,kernel|type=compact_polynomial|M=32|ch=1|degree=4,,,32,1.0,66.03225806451613,compact_polynomial,4,6.708117612171695,0.04245175099861402,0.41786508437419956,0.0002754783790882232,-3.5855898931457872,0.04708487825489798,4.725985676095381,0.03214887172935782,6.204816195270958,0.04783176722282421,8.608622746306391,0.1141935369643829,10,5,True
0.1,kernel_smoothing,kernel|type=compact_polynomial|M=32|ch=2|degree=2,,,32,2.0,132.06451612903226,compact_polynomial,2,6.398106987026234,0.11915596735554206,0.3985893962231454,0.0005931016787814725,-3.375075992487421,0.09369233059748179,4.555481159419321,0.08858413009572177,6.043741919893799,0.07843321241399334,8.0919126172118,0.25175526920584584,10,5,True
0.1,kernel_smoothing,kernel|type=compact_polynomial|M=32|ch=2|degree=3,,,32,2.0,132.06451612903226,compact_polynomial,3,6.3716055998067205,0.17692758849645007,0.39697939279513894,0.0008586193175313226,-3.357761439934548,0.1293066065184344,4.501773507455948,0.15256240767357743,6.0083717745316605,0.13106884190742135,8.087548459008781,0.2685729048155398,10,5,True
0.1,kernel_smoothing,kernel|type=compact_polynomial|M=32|ch=2|degree=4,,,32,2.0,132.06451612903226,compact_polynomial,4,6.355923296604958,0.18157013555181611,0.39599733918433594,0.0008694500014362614,-3.3470467298519324,0.13095598752435608,4.501646721325795,0.1249200764352143,6.008018671122023,0.12772329548956254,8.05068861292209,0.3152966689073485,10,5,True
0.1,kernel_smoothing,kernel|type=compact_polynomial|M=32|ch=4|degree=2,,,32,4.0,264.1290322580645,compact_polynomial,2,6.336247765859232,0.13465797250655448,0.3947438761511318,0.0006578166069013929,-3.332905448527516,0.10122234506500037,4.46530854048956,0.16290566125899356,6.010176803609684,0.1073183445105577,8.020481840591989,0.20221504387616943,10,5,True
0.1,kernel_smoothing,kernel|type=compact_polynomial|M=32|ch=4|degree=3,,,32,4.0,264.1290322580645,compact_polynomial,3,6.350939923169619,0.15842864518851132,0.3956842879580264,0.0007811007497768941,-3.34342381997008,0.11900007018883853,4.467995623599946,0.1283806855443469,5.960295603756624,0.10508860045137312,8.092484650280651,0.27543774857548675,10,5,True
0.1,kernel_smoothing,kernel|type=compact_polynomial|M=32|ch=4|degree=4,,,32,4.0,264.1290322580645,compact_polynomial,4,6.351068035007627,0.1097243114981805,0.39566933837740254,0.0005663861266916338,-3.3429695145912213,0.08996790208781036,4.512179778349274,0.10383115285931269,5.993178913167179,0.08248160210686006,8.041198256801739,0.22956737073903505,10,5,True
0.1,kernel_smoothing,kernel|type=compact_polynomial|M=64|ch=1|degree=2,,,64,1.0,32.492063492063494,compact_polynomial,2,3.873173792969763,0.037170733970437284,0.24126292048492073,0.0001747263683636881,-1.647934704067211,0.027433418079188608,2.291854637966245,0.08215815961064521,3.9018309874006265,0.09660269105321531,4.939278301470713,0.09658843410175617,10,5,True
0.1,kernel_smoothing,kernel|type=compact_polynomial|M=64|ch=1|degree=3,,,64,1.0,32.492063492063494,compact_polynomial,3,4.082647248021653,0.0727442519356259,0.254317669431567,0.00031881631749560856,-1.791416708138565,0.04660365504549013,2.464708088147664,0.14614923844610472,4.069568170887098,0.15652394423244673,5.208772613333336,0.21123460942508002,10,5,True
0.1,kernel_smoothing,kernel|type=compact_polynomial|M=64|ch=1|degree=4,,,64,1.0,32.492063492063494,compact_polynomial,4,4.685855153286323,0.0819021038828902,0.2918738274268241,0.00035246952693380735,-2.2034227775606845,0.0517589674568169,2.745643887267625,0.1682591585101387,4.277230261115173,0.1949047927117576,6.304045621552103,0.2543721344094114,10,5,True
0.1,kernel_smoothing,kernel|type=compact_polynomial|M=64|ch=2|degree=2,,,64,2.0,64.98412698412699,compact_polynomial,2,4.38533418487342,0.03503236822960799,0.27316621737869407,0.00017610744622879567,-1.998033844542681,0.029299442336238775,2.685998476587078,0.040747694533019775,3.8855151556583025,0.06000807569347091,5.922022731664308,0.39346209233524254,10,5,True
0.1,kernel_smoothing,kernel|type=compact_polynomial|M=64|ch=2|degree=3,,,64,2.0,64.98412698412699,compact_polynomial,3,3.2879168502501464,0.01927007260962842,0.20478851911116097,8.750192273562547e-05,-1.2475332067531595,0.014787748321337358,2.221083523138243,0.07812864166981733,3.6168789159020434,0.10831751440522353,3.7806905186554842,0.02453346530087735,10,5,True
0.1,kernel_smoothing,kernel|type=compact_polynomial|M=64|ch=2|degree=4,,,64,2.0,64.98412698412699,compact_polynomial,4,3.2899477141250886,0.020151151530679916,0.20490662938144935,8.652163593620598e-05,-1.2486886249765934,0.013881085282232199,2.154095699781987,0.07415514796367696,3.6330883681554837,0.08538988279598944,3.809567923269577,0.049649148005154665,10,5,True
0.1,kernel_smoothing,kernel|type=compact_polynomial|M=64|ch=4|degree=2,,,64,4.0,129.96825396825398,compact_polynomial,2,3.711946163008419,0.02111740042518881,0.23118860714287962,9.243059222664248e-05,-1.5371766555048647,0.01602290919169303,2.5847359638052585,0.005218681994263613,3.7853569606740045,0.1348278681286823,4.498711315893613,0.03260204714610078,10,5,True
0.1,kernel_smoothing,kernel|type=compact_polynomial|M=64|ch=4|degree=3,,,64,4.0,129.96825396825398,compact_polynomial,3,3.9740163738042256,0.1278776636161572,0.2476119600419579,0.0005679997930478282,-1.718518133846463,0.08047010391165917,2.460980032277552,0.046212050856441714,3.7658224325966705,0.07636554143190513,5.207412091856577,0.29034734525272377,10,5,True
0.1,kernel_smoothing,kernel|type=compact_polynomial|M=64|ch=4|degree=4,,,64,4.0,129.96825396825398,compact_polynomial,4,3.509306271766826,0.016368832094629616,0.21854360694536124,6.0691856805363975e-05,-1.3980632171569887,0.009821395044446833,2.435081179204251,0.04131497474847214,3.797833909991565,0.020265266918089213,4.070282359810549,0.019181934343204716,10,5,True
0.1,kernel_smoothing,kernel|type=gaussian|M=128|ch=1,,,128,1.0,16.118110236220474,gaussian,,1.0197016950465778,0.005841549119649561,0.06353398629104727,2.751447159804116e-05,0.3025707009537781,0.003979303123194764,0.4993249501656466,0.001080055245649076,1.1676620951662753,0.022069396992511963,1.224937554663567,0.0018955613999289184,10,5,True
0.1,kernel_smoothing,kernel|type=gaussian|M=128|ch=2,,,128,2.0,32.23622047244095,gaussian,,1.0240514168764558,0.007256707978935777,0.0638097208977307,3.37582445841309e-05,0.29948725889799943,0.0048199481285836005,0.507308688515204,0.003258759998036488,1.1759219657511875,0.02240091272952089,1.2249020442077616,0.0028148172124784904,10,5,True
0.1,kernel_smoothing,kernel|type=gaussian|M=128|ch=4,,,128,4.0,64.4724409448819,gaussian,,2.2037833677442746,0.0354112209544511,0.1373130359717,0.00015988817300274013,-0.5075017774079656,0.022832841050284554,1.3667361700979703,0.016688474645520476,2.5634186934737104,0.039907325670289026,2.475283271179562,0.05444470106772839,10,5,True
0.1,kernel_smoothing,kernel|type=gaussian|M=32|ch=1,,,32,1.0,66.03225806451613,gaussian,,6.365893682016707,0.18910879526595423,0.3966272047216438,0.0009088052417705985,-3.353982336743383,0.13611904118849605,4.506386206001452,0.14065669141674597,6.0089899280995045,0.12822966665186353,8.071087214626544,0.3182915745486321,10,5,True
0.1,kernel_smoothing,kernel|type=gaussian|M=32|ch=2,,,32,2.0,132.06451612903226,gaussian,,6.378193588222366,0.18723913580968526,0.39738837806973604,0.0008943333268500691,-3.3623273617996694,0.1340618215385762,4.587445265392542,0.16221359866230806,6.074358949232752,0.23226635030620008,8.00377853091388,0.2186102692068972,10,5,True
0.1,kernel_smoothing,kernel|type=gaussian|M=32|ch=4,,,32,4.0,264.1290322580645,gaussian,,6.651134221440152,0.19398326557953677,0.4143766358241245,0.0009181370659188152,-3.5487478378345143,0.13839753358126544,5.017681662863451,0.22778273340144561,6.465364172182669,0.25210338367371943,8.104841451920427,0.15941333727262794,10,5,True
0.1,kernel_smoothing,kernel|type=gaussian|M=64|ch=1,,,64,1.0,32.492063492063494,gaussian,,3.26704346337781,0.018483324592074905,0.20348383144494192,8.186208652736838e-05,-1.2331450030305375,0.013661600615445014,2.164830999759652,0.09021006716956557,3.6202740108393447,0.10554828024919159,3.7523152399501805,0.04464499491439452,10,5,True
0.1,kernel_smoothing,kernel|type=gaussian|M=64|ch=2,,,64,2.0,64.98412698412699,gaussian,,3.300245318803639,0.0014787061087432336,0.205545730625846,1.4227685193861627e-05,-1.255409298635366,0.0037871310798211688,2.23212748068515,0.03471596779089076,3.6929781820740906,0.1285145053871567,3.7177362257767044,0.1322050025932128,10,5,True
0.1,kernel_smoothing,kernel|type=gaussian|M=64|ch=4,,,64,4.0,129.96825396825398,gaussian,,5.556521320161071,0.09068352000733437,0.3461634373327128,0.0004533950225113548,-2.7995539289616116,0.07068875322563989,3.5280467214902105,0.0307857280239684,5.035593924459603,0.028472104426966884,7.39215354124327,0.4334504575525247,10,5,True
0.1,savitzky_golay,savgol|w=11|p=2,11,2,,,,,,0.6589073069085133,0.0002928428838121784,0.041030758699669746,7.191415724646223e-07,0.5498388291451297,9.00538692511001e-05,0.2908978979421399,0.00012504810081338883,0.31661869479182264,6.544853518216524e-05,1.0570214140271745,0.0009041874161463328,10,5,True
0.1,savitzky_golay,savgol|w=11|p=3,11,3,,,,,,0.6597273017193834,0.00029330182832070374,0.04108169042524773,7.070240566798478e-07,0.5492837458159825,8.499244273156074e-05,0.2913470088675505,0.00011438235255697076,0.31682718566611073,6.595325936099906e-05,1.0583727154507718,0.0008981112672362382,10,5,True
0.1,savitzky_golay,savgol|w=11|p=5,11,5,,,,,,0.8437850662339288,0.0002606061739031428,0.052543604343595576,3.8217494088801167e-07,0.42355462788926584,3.2499706648826356e-05,0.3713763273512095,0.00018056245452575362,0.39911235881596674,0.0001192071037702157,1.3558954421925828,0.0006803199684868745,10,5,True
0.1,savitzky_golay,savgol|w=21|p=2,21,2,,,,,,0.4930052347454259,0.00018592600745735884,0.030705570601702092,9.222609834855165e-07,0.663050193126891,0.00016354918808856672,0.21972673345352933,5.830337124990475e-05,0.2872314953033138,0.00011527685827935678,0.773285419258835,0.0005682948967820948,10,5,True
0.1,savitzky_golay,savgol|w=21|p=3,21,3,,,,,,0.49226421674462895,0.00016653133323546237,0.03065965463738989,8.657154109806504e-07,0.6635560113136303,0.00015565246410130146,0.21975659421887062,6.43047467226512e-05,0.28261102348692757,0.00013401302341494315,0.7735142696349596,0.0005489622448803793,10,5,True
0.1,savitzky_golay,savgol|w=21|p=5,21,5,,,,,,0.5964384603002659,0.00020324467788487008,0.03714146080540433,5.13340807340832e-07,0.5925036470523425,6.559638937190344e-05,0.26336395281631664,9.465395817884339e-05,0.28720835937456857,6.948802353470069e-05,0.9565439124374265,0.0006233823382843636,10,5,True
0.1,savitzky_golay,savgol|w=41|p=2,41,2,,,,,,1.032485739367387,0.005289180604345856,0.06431884133251942,2.329963133325375e-05,0.2939553002530374,0.003457262510740012,0.5368529701985267,0.001440248109050518,1.1462814354575432,0.005644891560251955,1.2627728966284881,0.01020108826255935,10,5,True
0.1,savitzky_golay,savgol|w=41|p=3,41,3,,,,,,1.0055928966749625,0.004243881618340276,0.06264845942121418,1.9977032670536725e-05,0.31231317876397574,0.0029959884625615856,0.5143904910645872,0.0007493000503462466,1.1157996995636983,0.0037194419416894425,1.2342395731555396,0.008850007149009199,10,5,True
0.1,savitzky_golay,savgol|w=41|p=5,41,5,,,,,,0.4944591576137986,0.00024607593461699665,0.030799425414199555,1.4141887265548895e-06,0.6619962683922422,0.0002440497050665728,0.2159218756674925,3.408236022961183e-05,0.37288679172415956,0.0001271773722263946,0.7397984132435536,0.0008059216127566354,10,5,True
0.1,savitzky_golay,savgol|w=7|p=2,7,2,,,,,,0.8426728605564253,0.00024125010697972665,0.05247463768108851,3.4717828065211925e-07,0.4243091728537719,3.360696289907086e-05,0.3705500541793014,0.00019166591279237496,0.39888424063192474,9.92674406743213e-05,1.3541142073413766,0.0006332474791981817,10,5,True
0.1,savitzky_golay,savgol|w=7|p=3,7,3,,,,,,0.843322367682682,0.00024254760140344844,0.052515083460392444,3.505829466453344e-07,0.42386570784573063,3.3308690665176994e-05,0.37097337104301137,0.00018557996976117583,0.3991640300441553,0.00010838369224377306,1.3551264374394427,0.0006391254893120951,10,5,True
0.1,savitzky_golay,savgol|w=7|p=5,7,5,,,,,,1.1056729911993928,0.0002636041390722882,0.06885390713425729,3.2352916551699935e-07,0.24462449641385575,2.125428316140012e-05,0.4858200752467433,0.0003233507134895295,0.5208964118321024,0.0001218251670028459,1.7776142438957159,0.000589047317762749,10,5,True
0.2,kernel_smoothing,kernel|type=compact_polynomial|M=128|ch=1|degree=2,,,128,1.0,16.118110236220474,compact_polynomial,2,1.7090751964033282,0.005015787288476245,0.10646195517147546,2.6197900256941646e-05,0.415768407714235,0.001109547671003932,0.9641264808273972,0.001577804113131506,1.6234541446205886,0.018002578345378766,2.2776754768748098,0.007021837607285716,10,5,True
0.2,kernel_smoothing,kernel|type=compact_polynomial|M=128|ch=1|degree=3,,,128,1.0,16.118110236220474,compact_polynomial,3,2.2116855381441054,0.007632602036564984,0.13776678825154315,3.955841688342736e-05,0.24398804922182288,0.001712198962307212,1.3446847088115264,0.0027833536244842127,2.042371198825346,0.022640969186721042,2.9469141917422155,0.010684746973859833,10,5,True
0.2,kernel_smoothing,kernel|type=compact_polynomial|M=128|ch=1|degree=4,,,128,1.0,16.118110236220474,compact_polynomial,4,3.354399452436769,0.003766949362284637,0.20892084871863795,2.4322165345663788e-05,-0.14628604175745297,0.001425020957281864,1.901368261960047,0.0023118339692393673,2.582634594191154,0.02064042894597358,4.843303279740249,0.004742535191226586,10,5,True
0.2,kernel_smoothing,kernel|type=compact_polynomial|M=128|ch=2|degree=2,,,128,2.0,32.23622047244095,compact_polynomial,2,1.5040880289121958,0.0023905744477209392,0.09369076766508198,1.4112990786776537e-05,0.48589145257048527,0.0006408262026103279,0.7210128453176115,0.0021992696139041955,1.506285808665641,0.0007016544208242198,1.9971547688654394,0.015566126603117274,10,5,True
0.2,kernel_smoothing,kernel|type=compact_polynomial|M=128|ch=2|degree=3,,,128,2.0,32.23622047244095,compact_polynomial,3,1.2011148900386548,0.006850141528482599,0.07483476359265279,3.286460652728108e-05,0.5892814347310272,0.0011976393059341113,0.5753427852219645,0.0013162820996984047,1.224539667117098,0.02171215896147036,1.5782030795638797,0.004832750322725291,10,5,True
0.2,kernel_smoothing,kernel|type=compact_polynomial|M=128|ch=2|degree=4,,,128,2.0,32.23622047244095,compact_polynomial,4,1.2218801895586549,0.003759939654147386,0.0761198233153717,1.9345139048659744e-05,0.582264765655905,0.0007603091723689408,0.59513023747068,0.0005012269449498461,1.2155583497319407,0.014207453866342885,1.6252566819900367,0.0024802464294894112,10,5,True
0.2,kernel_smoothing,kernel|type=compact_polynomial|M=128|ch=4|degree=2,,,128,4.0,64.4724409448819,compact_polynomial,2,1.5197282357780042,0.005365659389594711,0.09461975260561015,1.4938514221594369e-05,0.48099425056437967,0.00040848537736451755,0.8745030008932678,0.02018374890291934,1.5754725803378011,0.013387069725349653,1.9132960257389016,0.008233682313387456,10,5,True
0.2,kernel_smoothing,kernel|type=compact_polynomial|M=128|ch=4|degree=3,,,128,4.0,64.4724409448819,compact_polynomial,3,1.4611337525245618,0.015968802203636206,0.0910155625042656,6.592699416814403e-05,0.5004331852173084,0.002321998422000315,0.7263995405301624,0.00047976670727244126,1.4484251513435962,0.010208791728469502,1.9398295884233812,0.05697419601993501,10,5,True
0.2,kernel_smoothing,kernel|type=compact_polynomial|M=128|ch=4|degree=4,,,128,4.0,64.4724409448819,compact_polynomial,4,1.351002103428234,0.001978527024768819,0.08415566255727862,1.167867520177463e-05,0.5382193036270655,0.0005153985921675945,0.674871516808772,0.0029196836978674177,1.3940969177116764,0.010140487786118691,1.7520314697290857,0.0008337922892340766,10,5,True
0.2,kernel_smoothing,kernel|type=compact_polynomial|M=32|ch=1|degree=2,,,32,1.0,66.03225806451613,compact_polynomial,2,6.373152625074951,0.24094193539013314,0.3970798443199857,0.001107030482021295,-1.1796282183613045,0.04064598166141096,4.52465363227873,0.08079174370056365,6.03907872294039,0.09632021108867735,8.052514565117574,0.6272922722307306,10,5,True
0.2,kernel_smoothing,kernel|type=compact_polynomial|M=32|ch=1|degree=3,,,32,1.0,66.03225806451613,compact_polynomial,3,6.408704995039986,0.10985528643120121,0.3992602641048989,0.0005721086412974046,-1.1911752758672303,0.022733065791048668,4.612253784601217,0.040669809739521515,6.119926884107179,0.06416691761570177,8.02810290004112,0.27181144945933233,10,5,True
0.2,kernel_smoothing,kernel|type=compact_polynomial|M=32|ch=1|degree=4,,,32,1.0,66.03225806451613,compact_polynomial,4,6.71477935060828,0.042723652408730155,0.41828043023396033,0.00027713412556899493,-1.2950750521286902,0.011836030758862796,4.728012720045301,0.032174139344068466,6.20658229798963,0.04779868493292677,8.621790976925036,0.1153631111014011,10,5,True
0.2,kernel_smoothing,kernel|type=compact_polynomial|M=32|ch=2|degree=2,,,32,2.0,132.06451612903226,compact_polynomial,2,6.405270653389701,0.1196251686940744,0.39903570951047634,0.0005952295433135345,-1.1899871332312129,0.023501151673365812,4.557621542914939,0.0886059316017831,6.045549698370593,0.07804326517058957,8.106346521956059,0.25351303183758,10,5,True
0.2,kernel_smoothing,kernel|type=compact_polynomial|M=32|ch=2|degree=3,,,32,2.0,132.06451612903226,compact_polynomial,3,6.378483962837371,0.17749596127274123,0.39740802117492235,0.0008612601987365399,-1.1812323156515012,0.03241953097850907,4.503901233633943,0.15250931237588025,6.010196478777693,0.13084589695603213,8.1012691685279,0.2704016958343955,10,5,True
0.2,kernel_smoothing,kernel|type=compact_polynomial|M=32|ch=2|degree=4,,,32,2.0,132.06451612903226,compact_polynomial,4,6.362788070196519,0.18209631060077466,0.3964251205156371,0.0008719198195645789,-1.1758703691971908,0.032826461684516244,4.503744652865667,0.12488245823870536,6.009829557127516,0.12746533314976788,8.06442225928678,0.317110279822668,10,5,True
0.2,kernel_smoothing,kernel|type=compact_polynomial|M=32|ch=4|degree=2,,,32,4.0,264.1290322580645,compact_polynomial,2,6.343462327578688,0.1351172984645233,0.3951933068168177,0.0006598614745033014,-1.168918292263789,0.025380544591847434,4.467474521069235,0.16281115848083794,6.012053932230936,0.10702998660446321,8.034968448836484,0.20387827026247288,10,5,True
0.2,kernel_smoothing,kernel|type=compact_polynomial|M=32|ch=4|degree=3,,,32,4.0,264.1290322580645,compact_polynomial,3,6.35783558767694,0.15876000125123954,0.3961138907867711,0.0007827024066959919,-1.1740683775465937,0.029809581862042907,4.470047630831886,0.128364523336356,5.962108625238026,0.10514578302585506,8.106236949564602,0.2766075913472579,10,5,True
0.2,kernel_smoothing,kernel|type=compact_polynomial|M=32|ch=4|degree=4,,,32,4.0,264.1290322580645,compact_polynomial,4,6.358281822677979,0.11011552836376476,0.396118835434992,0.0005682823222112594,-1.1739509214336956,0.02256139267377154,4.514224508252942,0.10387913574172818,5.995084120845845,0.08219745202669318,8.0557049819686,0.23126375478568958,10,5,True
0.2,kernel_smoothing,kernel|type=compact_polynomial|M=64|ch=1|degree=2,,,64,1.0,32.492063492063494,compact_polynomial,2,3.8969351500878977,0.03787335513634245,0.24274339783640872,0.00017806393309965858,-0.33209012557337425,0.006976625277315422,2.3009470194007853,0.08155260639353862,3.907732294692173,0.09623662747604986,4.986358011086592,0.09803888010975917,10,5,True
0.2,kernel_smoothing,kernel|type=compact_polynomial|M=64|ch=1|degree=3,,,64,1.0,32.492063492063494,compact_polynomial,3,4.105134361605279,0.07337078012218481,0.25571856714261815,0.00032176966298643763,-0.4033940378663557,0.011756562053456324,2.4731291349408053,0.1452142335126532,4.075245932183381,0.15596216226324056,5.253365518357625,0.21206080896323515,10,5,True
0.2,kernel_smoothing,kernel|type=compact_polynomial|M=64|ch=1|degree=4,,,64,1.0,32.492063492063494,compact_polynomial,4,4.705396876493262,0.08248422297073921,0.29309124184548707,0.00035519467014675653,-0.608391039084726,0.013037825407319162,2.753145688022963,0.16743326408759607,4.282668528194505,0.19425741809626043,6.340807503780948,0.2549561898483417,10,5,True
0.2,kernel_smoothing,kernel|type=compact_polynomial|M=64|ch=2|degree=2,,,64,2.0,64.98412698412699,compact_polynomial,2,4.405880758028421,0.03587632506406011,0.2744466155297854,0.00018008820851301403,-0.5060455729527022,0.007472016612343989,2.6935643059276146,0.0405751029052298,3.8912704638507165,0.05996759287889377,5.960381043345338,0.39696980691881106,10,5,True
0.2,kernel_smoothing,kernel|type=compact_polynomial|M=64|ch=2|degree=3,,,64,2.0,64.98412698412699,compact_polynomial,3,3.3154257458127874,0.019612434723593836,0.20650329331010303,8.97652725446941e-05,-0.13317659723058556,0.0037881925773554197,2.2307385341361115,0.07736661406242616,3.6231402961362136,0.10783683833100717,3.8413112257507245,0.019854283786898193,10,5,True
0.2,kernel_smoothing,kernel|type=compact_polynomial|M=64|ch=2|degree=4,,,64,2.0,64.98412698412699,compact_polynomial,4,3.3173117944942634,0.020682542760159215,0.20661227943351695,8.943790099384715e-05,-0.1337039551299076,0.003578610146904751,2.163988011196678,0.07340797833803175,3.6393377696049756,0.08507500665549472,3.8692560770370257,0.047041385185550844,10,5,True
0.2,kernel_smoothing,kernel|type=compact_polynomial|M=64|ch=4|degree=2,,,64,4.0,129.96825396825398,compact_polynomial,2,3.7367985389327183,0.02131656354801138,0.23273743758076787,9.387536887770694e-05,-0.27709052383448746,0.0040721260499667665,2.592635295537887,0.005136475557260882,3.7911486014974556,0.13400755386059882,4.5511555441436355,0.028969272424241792,10,5,True
0.2,kernel_smoothing,kernel|type=compact_polynomial|M=64|ch=4|degree=3,,,64,4.0,129.96825396825398,compact_polynomial,3,3.997589746557915,0.1283484607348644,0.24908040451371738,0.0005704911297117396,-0.36731273325269787,0.02021100102752469,2.4697397948249553,0.04590906368356602,3.7718668388280046,0.07610404754471867,5.2528646702138175,0.29171414256816325,10,5,True
0.2,kernel_smoothing,kernel|type=compact_polynomial|M=64|ch=4|degree=4,,,64,4.0,129.96825396825398,compact_polynomial,4,3.534608971228521,0.016204150791866618,0.22012077717082645,6.075847305075683e-05,-0.20768988146562734,0.002482105391280392,2.443479844689583,0.04126243291062113,3.8036868022607813,0.020051976658138296,4.125265141013031,0.017115792821309032,10,5,True
0.2,kernel_smoothing,kernel|type=gaussian|M=128|ch=1,,,128,1.0,16.118110236220474,gaussian,,1.1935029095800203,0.005267653957386796,0.07435619893165166,2.5772646275842023e-05,0.5919233359914392,0.0009643254725649859,0.5744841286187752,0.0007306860327498595,1.206757305370436,0.02053948367698393,1.5746011255186203,0.0028659700823333014,10,5,True
0.2,kernel_smoothing,kernel|type=gaussian|M=128|ch=2,,,128,2.0,32.23622047244095,gaussian,,1.1981258448001881,0.006470678004332519,0.074648335380535,3.121458880205915e-05,0.5902932161970447,0.001151937628016369,0.5817590987705377,0.0021409048195983526,1.2148117074936884,0.02031420384691785,1.576526241681354,0.004121913557286564,10,5,True
0.2,kernel_smoothing,kernel|type=gaussian|M=128|ch=4,,,128,4.0,64.4724409448819,gaussian,,2.262689702764418,0.03555318318178524,0.14098124614711205,0.00016093835025974805,0.22612761829877534,0.00576071144224641,1.386505275482922,0.01604055877892501,2.5747676184579915,0.03945244826658501,2.6084498763284865,0.0551431788168237,10,5,True
0.2,kernel_smoothing,kernel|type=gaussian|M=32|ch=1,,,32,1.0,66.03225806451613,gaussian,,6.372758971336439,0.18968050545440754,0.39705502289662936,0.0009114652889234831,-1.179338399673291,0.03412327211640388,4.508487047159955,0.140617272930138,6.0108083428809955,0.12803355819479692,8.084803175938223,0.32020154837300985,10,5,True
0.2,kernel_smoothing,kernel|type=gaussian|M=32|ch=2,,,32,2.0,132.06451612903226,gaussian,,6.385375655065223,0.18795369495064881,0.3978359915739033,0.0008976158012556628,-1.1836198615843379,0.03363033090240459,4.589561975015095,0.1620412745603274,6.076294771701278,0.23190336242179851,8.01829263451593,0.22067003621427758,10,5,True
0.2,kernel_smoothing,kernel|type=gaussian|M=32|ch=4,,,32,4.0,264.1290322580645,gaussian,,6.653871717935681,0.1944092175215434,0.4145491625602298,0.0009221199443070913,-1.2753164622005233,0.034738973398163876,5.008828572375233,0.22698116214870676,6.464748159400649,0.25151425267620575,8.117572698518043,0.16182344131096707,10,5,True
0.2,kernel_smoothing,kernel|type=gaussian|M=64|ch=1,,,64,1.0,32.492063492063494,gaussian,,3.2947418876509347,0.0189269651910991,0.20521038478448714,8.448556879464864e-05,-0.12604706801698715,0.0035163913873062255,2.174745553991323,0.08926720990728491,3.6265529309987854,0.105098219085379,3.8134455721780567,0.039986356500167256,10,5,True
0.2,kernel_smoothing,kernel|type=gaussian|M=64|ch=2,,,64,2.0,64.98412698412699,gaussian,,3.3286157785093105,0.0014610659857222687,0.20731396884847678,1.4958595060077263e-05,-0.13740866852186204,0.0009915140766233244,2.2416360647313573,0.03436333793818433,3.699193595165249,0.12782998979332932,3.78242775581628,0.12107160189786262,10,5,True
0.2,kernel_smoothing,kernel|type=gaussian|M=64|ch=4,,,64,4.0,129.96825396825398,gaussian,,5.569147168286553,0.09188735415069883,0.34695072821076406,0.00045915136806900603,-0.9040999109874248,0.017877630656470654,3.531728765805814,0.03118750049477541,5.039302281434281,0.028397604683418676,7.416278694625386,0.43771044093755657,10,5,True
0.2,savitzky_golay,savgol|w=11|p=2,11,2,,,,,,1.3177013121060264,0.0011867878391871648,0.0820542507494203,2.8930855213184155e-06,0.5498796395178129,8.975462575769645e-05,0.5817532795929112,0.0005014552188256668,0.6324933520899044,0.00027128881498467096,2.1140652851777433,0.003661123073500033,10,5,True
0.2,savitzky_golay,savgol|w=11|p=3,11,3,,,,,,1.3193587790936445,0.0011822049217215722,0.08215724794632744,2.829079514007732e-06,0.5493182115854915,8.438203053349997e-05,0.5826472482656179,0.0004595319168348147,0.6330264937368634,0.0002685962773114668,2.116767739999613,0.0036189878476260203,10,5,True
0.2,savitzky_golay,savgol|w=11|p=5,11,5,,,,,,1.6875726814443677,0.0010425871159324513,0.10508736524250402,1.5287500197326883e-06,0.42355377030682717,3.25045293020624e-05,0.7427518302781068,0.0007222461284438371,0.7982206920398778,0.00047720871948134897,2.711797032597783,0.0027217099089836,10,5,True
0.2,savitzky_golay,savgol|w=21|p=2,21,2,,,,,,0.953349652189168,0.0004915149619734577,0.059374450255387165,2.2968813285911964e-06,0.674246366258177,0.00010365359855783659,0.4261539472986481,0.00029713839037277915,0.4882857090844134,0.0003215565888080157,1.5182325754893313,0.0016488416026136652,10,5,True
0.2,savitzky_golay,savgol|w=21|p=3,21,3,,,,,,0.9547454147140947,0.0004892621329602286,0.059461610732191604,2.3219506293415143e-06,0.6737660788685533,0.00010658041474358302,0.4270760979481351,0.0003057794577765564,0.48661292207546636,0.0003765021559608055,1.5210842677593417,0.0017111928626064097,10,5,True
0.2,savitzky_golay,savgol|w=21|p=5,21,5,,,,,,1.1927482657954607,0.0008196145389610691,0.07427478574192325,2.0560146370467883e-06,0.5925487768946838,6.53955600351168e-05,0.5266594561746211,0.00037995169171658034,0.5735816032787905,0.00028036906449756054,1.9131194450569606,0.0025136098201556977,10,5,True
0.2,savitzky_golay,savgol|w=41|p=2,41,2,,,,,,1.186656310233882,0.006489064238860373,0.0739221030584402,2.8730128539978033e-05,0.5942902871490653,0.0010597026058053098,0.6002032212331221,0.0012515330191633334,1.1790322343510042,0.005438439181695357,1.5721255707292363,0.014945313700285113,10,5,True
0.2,savitzky_golay,savgol|w=41|p=3,41,3,,,,,,1.1643057216159698,0.005846922964324192,0.0725356865875246,2.730861413366667e-05,0.6019048179234081,0.0010072855567115461,0.5801407058379551,0.000501952086467517,1.1491907103182897,0.003181186005104775,1.5516086100132604,0.015332769616129093,10,5,True
0.2,savitzky_golay,savgol|w=41|p=5,41,5,,,,,,0.8823825590479313,0.0005377398426275626,0.054959189386660647,3.047341726063045e-06,0.698451116614997,0.00013582664156754757,0.39450626657529214,0.0002311142534622412,0.5144536767715566,0.0002836331204085878,1.3834325454813656,0.001970996532770404,10,5,True
0.2,savitzky_golay,savgol|w=7|p=2,7,2,,,,,,1.685359011161702,0.0009662852403158526,0.10495008762248921,1.389655879047651e-06,0.4243047953053652,3.357785087344249e-05,0.7411147164535064,0.0007657137573864666,0.7977503273822331,0.0003989634264605714,2.7082545017493693,0.0025374060714908413,10,5,True
0.2,savitzky_golay,savgol|w=7|p=3,7,3,,,,,,1.686653604654417,0.0009718821473572992,0.1050306994136246,1.4036991209808794e-06,0.42386287267869793,3.326726289223881e-05,0.7419474694863695,0.0007425507861097217,0.7983092740996212,0.00043598324682309807,2.7102745667527097,0.002561124454940857,10,5,True
0.2,savitzky_golay,savgol|w=7|p=5,7,5,,,,,,2.211346064255907,0.0010544177186603077,0.13770781930198517,1.2940992456443214e-06,0.24462446879438354,2.1253974462373316e-05,0.9716401213918108,0.0012934031447113207,1.0417927086201657,0.000487311851694805,3.5552286819873324,0.002356189748273193,10,5,True
